{
  "type": "minecraft:chest",
  "pools": [
    {
      "bonus_rolls": 0.0,
      "entries": [
        {
          "type": "minecraft:item",
          "functions": [
            {
              "function": "minecraft:enchant_randomly",
              "options": [
                "minecraft:knockback",
                "minecraft:punch",
                "minecraft:smite",
                "minecraft:looting",
                "minecraft:multishot",
                "minecraft:knockback_protection",
                "minecraft:smash_protection"
              ]
            }
          ],
          "name": "minecraft:book",
          "weight": 2
        },
        {
          "type": "minecraft:item",
          "functions": [
            {
              "function": "minecraft:enchant_randomly",
              "options": [
                "minecraft:breach",
                "minecraft:density",
                "minecraft:trial_bane",
                "minecraft:reach",
                "minecraft:lightweight",
                "minecraft:breeze_blast",
                "minecraft:gustbolt",
                "minecraft:trial_speed"
              ]
            }
          ],
          "name": "minecraft:book",
          "weight": 2
        },
        {
          "type": "minecraft:empty",
          "weight": 4
        }
      ],
      "rolls": 1.0
    },
    {
      "bonus_rolls": 0.0,
      "entries": [
        {
          "type": "minecraft:item",
          "functions": [
            {
              "add": false,
              "enchantments": {
                "minecraft:quick_charge": 1.0
              },
              "function": "minecraft:set_enchantments"
            }
          ],
          "name": "minecraft:crossbow"
        },
        {
          "type": "minecraft:item",
          "functions": [
            {
              "add": false,
              "enchantments": {
                "minecraft:piercing": 1.0
              },
              "function": "minecraft:set_enchantments"
            }
          ],
          "name": "minecraft:crossbow"
        },
        {
          "type": "minecraft:item",
          "functions": [
            {
              "function": "minecraft:enchant_with_levels",
              "levels": {
                "type": "minecraft:uniform",
                "max": 10.0,
                "min": 0.0
              },
              "options": "#minecraft:on_random_loot"
            }
          ],
          "name": "minecraft:diamond_axe",
          "weight": 2
        },
        {
          "type": "minecraft:item",
          "functions": [
            {
              "add": false,
              "enchantments": {
                "minecraft:sharpness": 1.0
              },
              "function": "minecraft:set_enchantments"
            }
          ],
          "name": "minecraft:diamond_sword"
        },
        {
          "type": "minecraft:item",
          "functions": [
            {
              "add": false,
              "enchantments": {
                "minecraft:knockback": 1.0
              },
              "function": "minecraft:set_enchantments"
            }
          ],
          "name": "minecraft:diamond_sword"
        },
        {
          "type": "minecraft:item",
          "functions": [
            {
              "add": false,
              "enchantments": {
                "minecraft:largeness": 1.0
              },
              "function": "minecraft:set_enchantments"
            }
          ],
          "name": "minecraft:diamond_sword"
        }
      ],
      "rolls": 1.0
    },
    {
      "bonus_rolls": 0.0,
      "entries": [
        {
          "type": "minecraft:item",
          "functions": [
            {
              "components": {
                "minecraft:trim": {
                  "material": "minecraft:copper",
                  "pattern": "minecraft:bolt"
                }
              },
              "function": "minecraft:set_components"
            },
            {
              "add": false,
              "enchantments": {
                "minecraft:protection": 3.0
              },
              "function": "minecraft:set_enchantments"
            }
          ],
          "name": "minecraft:diamond_helmet"
        },
        {
          "type": "minecraft:item",
          "functions": [
            {
              "components": {
                "minecraft:trim": {
                  "material": "minecraft:copper",
                  "pattern": "minecraft:bolt"
                }
              },
              "function": "minecraft:set_components"
            },
            {
              "add": false,
              "enchantments": {
                "minecraft:protection": 3.0
              },
              "function": "minecraft:set_enchantments"
            }
          ],
          "name": "minecraft:diamond_chestplate"
        },
        {
          "type": "minecraft:item",
          "functions": [
            {
              "components": {
                "minecraft:trim": {
                  "material": "minecraft:copper",
                  "pattern": "minecraft:bolt"
                }
              },
              "function": "minecraft:set_components"
            },
            {
              "add": false,
              "enchantments": {
                "minecraft:protection": 4.0
              },
              "function": "minecraft:set_enchantments"
            }
          ],
          "name": "minecraft:iron_helmet"
        },
        {
          "type": "minecraft:item",
          "functions": [
            {
              "components": {
                "minecraft:trim": {
                  "material": "minecraft:copper",
                  "pattern": "minecraft:bolt"
                }
              },
              "function": "minecraft:set_components"
            },
            {
              "add": false,
              "enchantments": {
                "minecraft:protection": 4.0
              },
              "function": "minecraft:set_enchantments"
            }
          ],
          "name": "minecraft:iron_chestplate"
        }
      ],
      "rolls": 1.0
    }
  ],
  "random_sequence": "minecraft:chests/trial_chambers/reward_ominous_gear"
}