{
  "type": "minecraft:chest",
  "pools": [
    {
      "bonus_rolls": 0.0,
      "entries": [
        {
          "type": "minecraft:item",
          "functions": [
            {
              "add": false,
              "count": {
                "type": "minecraft:uniform",
                "max": 12.0,
                "min": 6.0
              },
              "function": "minecraft:set_count"
            }
          ],
          "name": "minecraft:emerald",
          "weight": 2
        },
        {
          "type": "minecraft:item",
          "functions": [
            {
              "add": false,
              "count": {
                "type": "minecraft:uniform",
                "max": 10.0,
                "min": 5.0
              },
              "function": "minecraft:set_count"
            }
          ],
          "name": "minecraft:gold_ingot",
          "weight": 2
        },
        {
          "type": "minecraft:item",
          "functions": [
            {
              "add": false,
              "count": {
                "type": "minecraft:uniform",
                "max": 5.0,
                "min": 3.0
              },
              "function": "minecraft:set_count"
            }
          ],
          "name": "minecraft:diamond",
          "weight": 3
        },
        {
          "type": "minecraft:item",
          "name": "minecraft:emerald_block",
          "weight": 1
        },
        {
          "type": "minecraft:item",
          "name": "minecraft:gold_block",
          "weight": 2
        },
        {
          "type": "minecraft:item",
          "name": "minecraft:iron_block",
          "weight": 2
        },
        {
          "type": "minecraft:item",
          "name": "minecraft:diamond_block",
          "weight": 2
        }
      ],
      "rolls": 1.0
    }
  ],
  "random_sequence": "minecraft:chests/trial_chambers/reward_ominous_treasure_jewels"
}