{
  "type": "minecraft:chest",
  "pools": [
    {
      "bonus_rolls": 0.0,
      "entries": [
        {
          "type": "minecraft:item",
          "functions": [
            {
              "function": "minecraft:enchant_randomly",
              "options": [
                "minecraft:riptide",
                "minecraft:loyalty",
                "minecraft:channeling",
                "minecraft:impaling",
                "minecraft:mending",
                "minecraft:trial_bane"
              ]
            }
          ],
          "name": "minecraft:book",
          "weight": 4
        },
        {
          "type": "minecraft:item",
          "functions": [
            {
              "add": false,
              "enchantments": {
                "minecraft:reach": 1.0
              },
              "function": "minecraft:set_enchantments"
            }
          ],
          "name": "minecraft:book",
          "weight": 1
        },
        {
          "type": "minecraft:item",
          "functions": [
            {
              "add": false,
              "enchantments": {
                "minecraft:step_height": 1.0
              },
              "function": "minecraft:set_enchantments"
            }
          ],
          "name": "minecraft:book",
          "weight": 1
        },
        {
          "type": "minecraft:item",
          "functions": [
            {
              "add": false,
              "enchantments": {
                "minecraft:swiftsprint": 1.0
              },
              "function": "minecraft:set_enchantments"
            }
          ],
          "name": "minecraft:book",
          "weight": 1
        }
      ],
      "rolls": 1.0
    }
  ],
  "random_sequence": "minecraft:chests/trial_chambers/reward_level_one_enchantment"
}