{
  "type": "minecraft:chest",
  "pools": [
    {
      "bonus_rolls": 0.0,
      "entries": [
        {
          "type": "minecraft:item",
          "functions": [
            {
              "add": false,
              "enchantments": {
                "minecraft:explosive_impact": 1.0
              },
              "function": "minecraft:set_enchantments"
            },
            {
              "function": "minecraft:set_name",
              "name": "§dLeaving a Dent"
            }
          ],
          "name": "minecraft:book",
          "weight": 1
        }
      ],
      "rolls": 1.0
    }
  ],
  "random_sequence": "minecraft:chests/trial_chambers/reward_boss_ancient_item"
}