{
  "type": "minecraft:chest",
  "pools": [
    {
      "bonus_rolls": 0.0,
      "entries": [
        {
          "type": "minecraft:loot_table",
          "value": "minecraft:chests/trial_chambers/reward_ominous_rare",
          "weight": 1
        }
      ],
      "rolls": 1.0
    },
    {
      "bonus_rolls": 0.0,
      "entries": [
        {
          "type": "minecraft:loot_table",
          "value": "minecraft:chests/trial_chambers/reward_ominous_treasure_jewels",
          "weight": 1
        }
      ],
      "rolls": {
        "type": "minecraft:uniform",
        "max": 4.0,
        "min": 2.0
      }
    },
    {
      "bonus_rolls": 0.0,
      "entries": [
        {
          "type": "minecraft:loot_table",
          "value": "minecraft:chests/trial_chambers/reward_diamond",
          "weight": 1
        }
      ],
      "rolls": 1.0
    },
    {
      "bonus_rolls": 0.0,
      "conditions": [
        {
          "chance": 0.75,
          "condition": "minecraft:random_chance"
        }
      ],
      "entries": [
        {
          "type": "minecraft:loot_table",
          "value": "minecraft:chests/trial_chambers/reward_ominous_unique"
        }
      ],
      "rolls": 1.0
    }
  ],
  "random_sequence": "minecraft:chests/trial_chambers/reward_ominous_treasure"
}