{
  "type": "minecraft:chest",
  "pools": [
    {
      "bonus_rolls": 0.0,
      "entries": [
        {
          "type": "minecraft:item",
          "functions": [
            {
              "add": false,
              "count": 1.0,
              "function": "minecraft:set_count"
            },
            {
              "function": "minecraft:set_potion",
              "id": "minecraft:regeneration"
            }
          ],
          "name": "minecraft:potion",
          "weight": 2
        },
        {
          "type": "minecraft:item",
          "functions": [
            {
              "add": false,
              "count": 1.0,
              "function": "minecraft:set_count"
            },
            {
              "function": "minecraft:set_potion",
              "id": "minecraft:strength"
            }
          ],
          "name": "minecraft:potion",
          "weight": 2
        },
        {
          "type": "minecraft:item",
          "functions": [
            {
              "add": false,
              "count": {
                "type": "minecraft:uniform",
                "max": 5.0,
                "min": 2.0
              },
              "function": "minecraft:set_count"
            }
          ],
          "name": "minecraft:experience_bottle",
          "weight": 2
        },
        {
          "type": "minecraft:item",
          "functions": [
            {
              "function": "minecraft:enchant_randomly",
              "options": [
                "minecraft:sharpness",
                "minecraft:bane_of_arthropods",
                "minecraft:efficiency",
                "minecraft:fortune",
                "minecraft:silk_touch",
                "minecraft:feather_falling",
                "minecraft:largeness",
                "minecraft:knockback_protection",
                "minecraft:smash_protection"
              ]
            }
          ],
          "name": "minecraft:book",
          "weight": 2
        },
        {
          "type": "minecraft:loot_table",
          "value": "minecraft:chests/trial_chambers/reward_level_one_enchantment",
          "weight": 1
        }
      ],
      "rolls": 1.0
    }
  ],
  "random_sequence": "minecraft:chests/trial_chambers/reward_arcane_book"
}