{
  "type": "minecraft:chest",
  "pools": [
    {
      "bonus_rolls": 0.0,
      "entries": [
        {
          "type": "minecraft:loot_table",
          "value": "minecraft:chests/trial_chambers/reward_rare",
          "weight": 6
        },
        {
          "type": "minecraft:empty",
          "weight": 5
        }
      ],
      "rolls": 3.0
    },
    {
      "bonus_rolls": 0.0,
      "entries": [
        {
          "type": "minecraft:loot_table",
          "value": "minecraft:chests/trial_chambers/reward_junk"
        }
      ],
      "rolls": {
        "type": "minecraft:uniform",
        "max": 7.0,
        "min": 5.0
      }
    },
    {
      "bonus_rolls": 0.0,
      "entries": [
        {
          "type": "minecraft:loot_table",
          "value": "minecraft:chests/trial_chambers/reward_common"
        }
      ],
      "rolls": {
        "type": "minecraft:uniform",
        "max": 5.0,
        "min": 3.0
      }
    },
    {
      "bonus_rolls": 0.0,
      "conditions": [
        {
          "chance": 0.35,
          "condition": "minecraft:random_chance"
        }
      ],
      "entries": [
        {
          "type": "minecraft:loot_table",
          "value": "minecraft:chests/trial_chambers/reward_unique"
        }
      ],
      "rolls": 1.0
    }
  ],
  "random_sequence": "minecraft:chests/trial_chambers/reward_hoard"
}