{
  "type": "minecraft:chest",
  "pools": [
    {
      "bonus_rolls": 0.0,
      "entries": [
        {
          "type": "minecraft:item",
          "name": "minecraft:cyan_bundle",
          "weight": 5
        },
        {
          "type": "minecraft:item",
          "name": "minecraft:emerald_block",
          "weight": 5
        },
        {
          "type": "minecraft:item",
          "name": "minecraft:gold_block",
          "weight": 5
        },
        {
          "type": "minecraft:item",
          "name": "minecraft:iron_block",
          "weight": 4
        },
        {
          "type": "minecraft:item",
          "functions": [
            {
              "function": "minecraft:enchant_with_levels",
              "levels": {
                "type": "minecraft:uniform",
                "max": 20.0,
                "min": 5.0
              },
              "options": "#minecraft:on_random_loot"
            }
          ],
          "name": "minecraft:crossbow",
          "weight": 4
        },
        {
          "type": "minecraft:item",
          "name": "minecraft:golden_apple",
          "weight": 3
        },
        {
          "type": "minecraft:item",
          "name": "minecraft:name_tag",
          "weight": 3
        },
        {
          "type": "minecraft:item",
          "functions": [
            {
              "function": "minecraft:enchant_with_levels",
              "levels": {
                "type": "minecraft:uniform",
                "max": 20.0,
                "min": 10.0
              },
              "options": "#minecraft:on_random_loot"
            }
          ],
          "name": "minecraft:diamond_axe",
          "weight": 3
        },
        {
          "type": "minecraft:item",
          "functions": [
            {
              "function": "minecraft:enchant_with_levels",
              "levels": {
                "type": "minecraft:uniform",
                "max": 20.0,
                "min": 10.0
              },
              "options": "#minecraft:on_random_loot"
            }
          ],
          "name": "minecraft:diamond_sword",
          "weight": 3
        },
        {
          "type": "minecraft:item",
          "functions": [
            {
              "function": "minecraft:enchant_with_levels",
              "levels": {
                "type": "minecraft:uniform",
                "max": 20.0,
                "min": 10.0
              },
              "options": "#minecraft:on_random_loot"
            }
          ],
          "name": "minecraft:diamond_helmet",
          "weight": 3
        },
        {
          "type": "minecraft:item",
          "functions": [
            {
              "function": "minecraft:enchant_with_levels",
              "levels": {
                "type": "minecraft:uniform",
                "max": 20.0,
                "min": 10.0
              },
              "options": "#minecraft:on_random_loot"
            }
          ],
          "name": "minecraft:diamond_chestplate",
          "weight": 3
        },
        {
          "type": "minecraft:item",
          "functions": [
            {
              "function": "minecraft:enchant_with_levels",
              "levels": {
                "type": "minecraft:uniform",
                "max": 20.0,
                "min": 10.0
              },
              "options": "#minecraft:on_random_loot"
            }
          ],
          "name": "minecraft:diamond_leggings",
          "weight": 3
        },
        {
          "type": "minecraft:item",
          "functions": [
            {
              "function": "minecraft:enchant_with_levels",
              "levels": {
                "type": "minecraft:uniform",
                "max": 20.0,
                "min": 10.0
              },
              "options": "#minecraft:on_random_loot"
            }
          ],
          "name": "minecraft:diamond_boots",
          "weight": 3
        },
        {
          "type": "minecraft:item",
          "functions": [
            {
              "function": "minecraft:enchant_randomly",
              "options": [
                "minecraft:knockback",
                "minecraft:punch",
                "minecraft:smite",
                "minecraft:looting",
                "minecraft:multishot",
                "minecraft:knockback_protection",
                "minecraft:smash_protection"
              ]
            }
          ],
          "name": "minecraft:book",
          "weight": 4
        },
        {
          "type": "minecraft:item",
          "functions": [
            {
              "function": "minecraft:enchant_randomly",
              "options": [
                "minecraft:breach",
                "minecraft:density",
                "minecraft:trial_bane",
                "minecraft:breeze_blast",
                "minecraft:gustbolt",
                "minecraft:trial_speed",
                "minecraft:heavy_cleaving"
              ]
            }
          ],
          "name": "minecraft:book",
          "weight": 3
        },
        {
          "type": "minecraft:loot_table",
          "value": "minecraft:chests/trial_chambers/reward_ominous_level_one_enchantment",
          "weight": 3
        },
        {
          "type": "minecraft:item",
          "name": "minecraft:diamond_block"
        }
      ],
      "rolls": 1.0
    }
  ],
  "random_sequence": "minecraft:chests/trial_chambers/reward_ominous_rare"
}