{
  "type": "minecraft:chest",
  "pools": [
    {
      "bonus_rolls": 0.0,
      "entries": [
        {
          "type": "minecraft:item",
          "functions": [
            {
              "function": "minecraft:enchant_randomly",
              "options": [
                "minecraft:sharpness",
                "minecraft:bane_of_arthropods",
                "minecraft:efficiency",
                "minecraft:fortune",
                "minecraft:silk_touch",
                "minecraft:feather_falling",
                "minecraft:largeness",
                "minecraft:knockback_protection",
                "minecraft:smash_protection"
              ]
            }
          ],
          "name": "minecraft:book",
          "weight": 3
        },
        {
          "type": "minecraft:item",
          "functions": [
            {
              "function": "minecraft:enchant_randomly",
              "options": [
                "minecraft:riptide",
                "minecraft:loyalty",
                "minecraft:channeling",
                "minecraft:impaling",
                "minecraft:mending",
                "minecraft:trial_bane",
                "minecraft:reach"
              ]
            }
          ],
          "name": "minecraft:book",
          "weight": 1
        },
        {
          "type": "minecraft:empty",
          "weight": 4
        }
      ],
      "rolls": 1.0
    },
    {
      "bonus_rolls": 0.0,
      "entries": [
        {
          "type": "minecraft:item",
          "functions": [
            {
              "add": false,
              "enchantments": {
                "minecraft:power": 1.0
              },
              "function": "minecraft:set_enchantments"
            }
          ],
          "name": "minecraft:bow"
        },
        {
          "type": "minecraft:item",
          "functions": [
            {
              "add": false,
              "enchantments": {
                "minecraft:punch": 1.0
              },
              "function": "minecraft:set_enchantments"
            }
          ],
          "name": "minecraft:bow"
        },
        {
          "type": "minecraft:item",
          "functions": [
            {
              "function": "minecraft:enchant_with_levels",
              "levels": {
                "type": "minecraft:uniform",
                "max": 10.0,
                "min": 0.0
              },
              "options": "#minecraft:on_random_loot"
            }
          ],
          "name": "minecraft:iron_axe",
          "weight": 2
        },
        {
          "type": "minecraft:item",
          "functions": [
            {
              "add": false,
              "enchantments": {
                "minecraft:sharpness": 1.0
              },
              "function": "minecraft:set_enchantments"
            }
          ],
          "name": "minecraft:iron_sword"
        },
        {
          "type": "minecraft:item",
          "functions": [
            {
              "add": false,
              "enchantments": {
                "minecraft:knockback": 1.0
              },
              "function": "minecraft:set_enchantments"
            }
          ],
          "name": "minecraft:iron_sword"
        },
        {
          "type": "minecraft:item",
          "functions": [
            {
              "add": false,
              "enchantments": {
                "minecraft:largeness": 1.0
              },
              "function": "minecraft:set_enchantments"
            }
          ],
          "name": "minecraft:iron_sword"
        }
      ],
      "rolls": 1.0
    },
    {
      "bonus_rolls": 0.0,
      "entries": [
        {
          "type": "minecraft:item",
          "functions": [
            {
              "components": {
                "minecraft:trim": {
                  "material": "minecraft:copper",
                  "pattern": "minecraft:bolt"
                }
              },
              "function": "minecraft:set_components"
            },
            {
              "add": false,
              "enchantments": {
                "minecraft:protection": 2.0
              },
              "function": "minecraft:set_enchantments"
            }
          ],
          "name": "minecraft:chainmail_helmet"
        },
        {
          "type": "minecraft:item",
          "functions": [
            {
              "components": {
                "minecraft:trim": {
                  "material": "minecraft:copper",
                  "pattern": "minecraft:bolt"
                }
              },
              "function": "minecraft:set_components"
            },
            {
              "add": false,
              "enchantments": {
                "minecraft:protection": 2.0
              },
              "function": "minecraft:set_enchantments"
            }
          ],
          "name": "minecraft:chainmail_chestplate"
        },
        {
          "type": "minecraft:item",
          "functions": [
            {
              "components": {
                "minecraft:trim": {
                  "material": "minecraft:copper",
                  "pattern": "minecraft:bolt"
                }
              },
              "function": "minecraft:set_components"
            },
            {
              "add": false,
              "enchantments": {
                "minecraft:protection": 2.0
              },
              "function": "minecraft:set_enchantments"
            }
          ],
          "name": "minecraft:iron_helmet"
        },
        {
          "type": "minecraft:item",
          "functions": [
            {
              "components": {
                "minecraft:trim": {
                  "material": "minecraft:copper",
                  "pattern": "minecraft:bolt"
                }
              },
              "function": "minecraft:set_components"
            },
            {
              "add": false,
              "enchantments": {
                "minecraft:protection": 2.0
              },
              "function": "minecraft:set_enchantments"
            }
          ],
          "name": "minecraft:iron_chestplate"
        }
      ],
      "rolls": 1.0
    }
  ],
  "random_sequence": "minecraft:chests/trial_chambers/reward_gear"
}