{
  "type": "minecraft:chest",
  "pools": [
    {
      "bonus_rolls": 0.0,
      "entries": [
        {
          "type": "minecraft:item",
          "functions": [
            {
              "function": "minecraft:enchant_randomly",
              "options": [
                "minecraft:trial_bane",
                "minecraft:reach",
                "minecraft:lightweight",
                "minecraft:breeze_blast",
                "minecraft:gustbolt",
                "minecraft:knockback_protection",
                "minecraft:largeness",
                "minecraft:trial_speed",
                "minecraft:heavy_cleaving",
                "minecraft:dense_slam",
                "minecraft:step_height",
                "minecraft:smash_protection",
                "minecraft:swiftsprint"
              ]
            }
          ],
          "name": "minecraft:book",
          "weight": 1
        }
      ],
      "rolls": 1.0
    }
  ],
  "random_sequence": "minecraft:chests/trial_chambers/reward_boss_enchantment"
}