{
    "type": "minecraft:chest",
    "pools": [
      {
        "bonus_rolls": 0.0,
        "entries": [
          {
            "type": "minecraft:item",
            "functions": [
              {
                "add": false,
                "count": {
                  "type": "minecraft:uniform",
                  "max": 2.0,
                  "min": 1.0
                },
                "function": "minecraft:set_count"
              }
            ],
            "name": "minecraft:enchanted_golden_apple"
          },
          {
            "type": "minecraft:item",
            "name": "minecraft:music_disc_otherside"
          },
          {
            "type": "minecraft:item",
            "functions": [
              {
                "add": false,
                "count": 1.0,
                "function": "minecraft:set_count"
              }
            ],
            "name": "minecraft:compass",
            "weight": 2
          },
          {
            "type": "minecraft:item",
            "functions": [
              {
                "add": false,
                "count": {
                  "type": "minecraft:uniform",
                  "max": 2.0,
                  "min": 1.0
                },
                "function": "minecraft:set_count"
              }
            ],
            "name": "minecraft:sculk_catalyst",
            "weight": 2
          },
          {
            "type": "minecraft:item",
            "name": "minecraft:name_tag",
            "weight": 2
          },
          {
            "type": "minecraft:item",
            "functions": [
              {
                "add": false,
                "count": 1.0,
                "function": "minecraft:set_count"
              },
              {
                "add": false,
                "damage": {
                  "type": "minecraft:uniform",
                  "max": 1.0,
                  "min": 0.8
                },
                "function": "minecraft:set_damage"
              },
              {
                "function": "minecraft:enchant_with_levels",
                "levels": {
                  "type": "minecraft:uniform",
                  "max": 50.0,
                  "min": 30.0
                },
                "options": "#minecraft:on_random_loot"
              }
            ],
            "name": "minecraft:diamond_hoe",
            "weight": 2
          },
          {
            "type": "minecraft:item",
            "functions": [
              {
                "add": false,
                "count": 1.0,
                "function": "minecraft:set_count"
              }
            ],
            "name": "minecraft:lead",
            "weight": 2
          },
          {
            "type": "minecraft:item",
            "functions": [
              {
                "add": false,
                "count": 1.0,
                "function": "minecraft:set_count"
              }
            ],
            "name": "minecraft:diamond_horse_armor",
            "weight": 2
          },
          {
            "type": "minecraft:item",
            "functions": [
              {
                "add": false,
                "count": 1.0,
                "function": "minecraft:set_count"
              }
            ],
            "name": "minecraft:saddle",
            "weight": 2
          },
          {
            "type": "minecraft:item",
            "name": "minecraft:music_disc_13",
            "weight": 2
          },
          {
            "type": "minecraft:item",
            "name": "minecraft:music_disc_cat",
            "weight": 2
          },
          {
            "type": "minecraft:item",
            "functions": [
              {
                "function": "minecraft:enchant_with_levels",
                "levels": {
                  "type": "minecraft:uniform",
                  "max": 50.0,
                  "min": 30.0
                },
                "options": "#minecraft:on_random_loot"
              }
            ],
            "name": "minecraft:diamond_leggings",
            "weight": 2
          },
          {
            "type": "minecraft:item",
            "functions": [
              {
                "function": "minecraft:enchant_randomly",
                "options": "minecraft:swift_sneak"
              }
            ],
            "name": "minecraft:book",
            "weight": 3
          },
          {
            "type": "minecraft:item",
            "functions": [
              {
                "function": "minecraft:enchant_randomly",
                "options": "enchantology:audibility"
              }
            ],
            "name": "minecraft:book",
            "weight": 2
          },
          {
            "type": "minecraft:item",
            "functions": [
              {
                "add": false,
                "count": {
                  "type": "minecraft:uniform",
                  "max": 10.0,
                  "min": 4.0
                },
                "function": "minecraft:set_count"
              }
            ],
            "name": "minecraft:sculk",
            "weight": 3
          },
          {
            "type": "minecraft:item",
            "functions": [
              {
                "add": false,
                "count": {
                  "type": "minecraft:uniform",
                  "max": 3.0,
                  "min": 1.0
                },
                "function": "minecraft:set_count"
              }
            ],
            "name": "minecraft:sculk_sensor",
            "weight": 3
          },
          {
            "type": "minecraft:item",
            "functions": [
              {
                "add": false,
                "count": {
                  "type": "minecraft:uniform",
                  "max": 4.0,
                  "min": 1.0
                },
                "function": "minecraft:set_count"
              }
            ],
            "name": "minecraft:candle",
            "weight": 3
          },
          {
            "type": "minecraft:item",
            "functions": [
              {
                "add": false,
                "count": {
                  "type": "minecraft:uniform",
                  "max": 15.0,
                  "min": 1.0
                },
                "function": "minecraft:set_count"
              }
            ],
            "name": "minecraft:amethyst_shard",
            "weight": 3
          },
          {
            "type": "minecraft:item",
            "functions": [
              {
                "add": false,
                "count": {
                  "type": "minecraft:uniform",
                  "max": 3.0,
                  "min": 1.0
                },
                "function": "minecraft:set_count"
              }
            ],
            "name": "minecraft:experience_bottle",
            "weight": 3
          },
          {
            "type": "minecraft:item",
            "functions": [
              {
                "add": false,
                "count": {
                  "type": "minecraft:uniform",
                  "max": 15.0,
                  "min": 1.0
                },
                "function": "minecraft:set_count"
              }
            ],
            "name": "minecraft:glow_berries",
            "weight": 3
          },
          {
            "type": "minecraft:item",
            "functions": [
              {
                "function": "minecraft:enchant_with_levels",
                "levels": {
                  "type": "minecraft:uniform",
                  "max": 39.0,
                  "min": 20.0
                },
                "options": "#minecraft:on_random_loot"
              }
            ],
            "name": "minecraft:iron_leggings",
            "weight": 3
          },
          {
            "type": "minecraft:item",
            "functions": [
              {
                "add": false,
                "count": {
                  "type": "minecraft:uniform",
                  "max": 3.0,
                  "min": 1.0
                },
                "function": "minecraft:set_count"
              }
            ],
            "name": "minecraft:echo_shard",
            "weight": 4
          },
          {
            "type": "minecraft:item",
            "functions": [
              {
                "add": false,
                "count": {
                  "type": "minecraft:uniform",
                  "max": 3.0,
                  "min": 1.0
                },
                "function": "minecraft:set_count"
              }
            ],
            "name": "minecraft:disc_fragment_5",
            "weight": 4
          },
          {
            "type": "minecraft:item",
            "functions": [
              {
                "add": false,
                "count": {
                  "type": "minecraft:uniform",
                  "max": 3.0,
                  "min": 1.0
                },
                "function": "minecraft:set_count"
              },
              {
                "function": "minecraft:set_potion",
                "id": "minecraft:strong_regeneration"
              }
            ],
            "name": "minecraft:potion",
            "weight": 5
          },
          {
            "type": "minecraft:item",
            "functions": [
              {
                "function": "minecraft:enchant_randomly",
                "options": "#minecraft:on_random_loot"
              }
            ],
            "name": "minecraft:book",
            "weight": 5
          },
          {
            "type": "minecraft:item",
            "functions": [
              {
                "add": false,
                "count": {
                  "type": "minecraft:uniform",
                  "max": 10.0,
                  "min": 3.0
                },
                "function": "minecraft:set_count"
              }
            ],
            "name": "minecraft:book",
            "weight": 5
          },
          {
            "type": "minecraft:item",
            "functions": [
              {
                "add": false,
                "count": {
                  "type": "minecraft:uniform",
                  "max": 15.0,
                  "min": 1.0
                },
                "function": "minecraft:set_count"
              }
            ],
            "name": "minecraft:bone",
            "weight": 5
          },
          {
            "type": "minecraft:item",
            "functions": [
              {
                "add": false,
                "count": {
                  "type": "minecraft:uniform",
                  "max": 15.0,
                  "min": 1.0
                },
                "function": "minecraft:set_count"
              }
            ],
            "name": "minecraft:soul_torch",
            "weight": 5
          },
          {
            "type": "minecraft:item",
            "functions": [
              {
                "add": false,
                "count": {
                  "type": "minecraft:uniform",
                  "max": 15.0,
                  "min": 6.0
                },
                "function": "minecraft:set_count"
              }
            ],
            "name": "minecraft:coal",
            "weight": 7
          }
        ],
        "rolls": {
          "type": "minecraft:uniform",
          "max": 10.0,
          "min": 5.0
        }
      },
      {
        "bonus_rolls": 0.0,
        "entries": [
          {
            "type": "minecraft:empty",
            "weight": 75
          },
          {
            "type": "minecraft:item",
            "name": "minecraft:ward_armor_trim_smithing_template",
            "weight": 4
          },
          {
            "type": "minecraft:item",
            "name": "minecraft:silence_armor_trim_smithing_template"
          }
        ],
        "rolls": 1.0
      }
    ],
    "random_sequence": "minecraft:chests/ancient_city"
  }