{
  "elements": [
    {
      "element": {
        "element_type": "minecraft:single_pool_element",
        "location": "minecraft:trial_chambers/chamber/creaking/creaking_tree",
        "processors": "minecraft:trial_chambers_copper_bulb_degradation",
        "projection": "rigid"
      },
      "weight": 1
    },
    {
      "element": {
        "element_type": "minecraft:single_pool_element",
        "location": "minecraft:trial_chambers/chamber/creaking/slice_1",
        "processors": "minecraft:trial_chambers_copper_bulb_degradation",
        "projection": "rigid"
      },
      "weight": 1
    },
    {
      "element": {
        "element_type": "minecraft:single_pool_element",
        "location": "minecraft:trial_chambers/chamber/creaking/slice_2",
        "processors": "minecraft:trial_chambers_copper_bulb_degradation",
        "projection": "rigid"
      },
      "weight": 1
    },
    {
      "element": {
        "element_type": "minecraft:single_pool_element",
        "location": "minecraft:trial_chambers/chamber/creaking/slice_3",
        "processors": "minecraft:trial_chambers_copper_bulb_degradation",
        "projection": "rigid"
      },
      "weight": 1
    },
    {
      "element": {
        "element_type": "minecraft:single_pool_element",
        "location": "minecraft:trial_chambers/chamber/creaking/ominous_slice_1",
        "processors": "minecraft:trial_chambers_copper_bulb_degradation",
        "projection": "rigid"
      },
      "weight": 1
    },
    {
      "element": {
        "element_type": "minecraft:single_pool_element",
        "location": "minecraft:trial_chambers/chamber/creaking/ominous_slice_2",
        "processors": "minecraft:trial_chambers_copper_bulb_degradation",
        "projection": "rigid"
      },
      "weight": 1
    }
  ],
  "fallback": "minecraft:empty"
}