{
  "elements": [
    {
      "element": {
        "element_type": "minecraft:single_pool_element",
        "location": "minecraft:trial_chambers/chamber/pillaring/lower_1",
        "processors": {
          "processors": []
        },
        "projection": "rigid"
      },
      "weight": 1
    },
    {
      "element": {
        "element_type": "minecraft:single_pool_element",
        "location": "minecraft:trial_chambers/chamber/pillaring/lower_2",
        "processors": {
          "processors": []
        },
        "projection": "rigid"
      },
      "weight": 1
    },
    {
      "element": {
        "element_type": "minecraft:single_pool_element",
        "location": "minecraft:trial_chambers/chamber/pillaring/lower_3",
        "processors": {
          "processors": []
        },
        "projection": "rigid"
      },
      "weight": 1
    },
    {
      "element": {
        "element_type": "minecraft:single_pool_element",
        "location": "minecraft:trial_chambers/chamber/addon/hanging_platform",
        "processors": {
          "processors": []
        },
        "projection": "rigid"
      },
      "weight": 1
    },
    {
      "element": {
        "element_type": "minecraft:single_pool_element",
        "location": "minecraft:trial_chambers/chamber/pillaring/pillar_1",
        "processors": "minecraft:trial_chambers_copper_bulb_degradation",
        "projection": "rigid"
      },
      "weight": 1
    },
    {
      "element": {
        "element_type": "minecraft:single_pool_element",
        "location": "minecraft:trial_chambers/chamber/pillaring/pillar_2",
        "processors": "minecraft:trial_chambers_copper_bulb_degradation",
        "projection": "rigid"
      },
      "weight": 1
    },
    {
      "element": {
        "element_type": "minecraft:single_pool_element",
        "location": "minecraft:trial_chambers/chamber/pillaring/pillar_3",
        "processors": "minecraft:trial_chambers_copper_bulb_degradation",
        "projection": "rigid"
      },
      "weight": 1
    },
    {
      "element": {
        "element_type": "minecraft:single_pool_element",
        "location": "minecraft:trial_chambers/chamber/pillaring/pillar_4",
        "processors": "minecraft:trial_chambers_copper_bulb_degradation",
        "projection": "rigid"
      },
      "weight": 1
    },
    {
      "element": {
        "element_type": "minecraft:single_pool_element",
        "location": "minecraft:trial_chambers/chamber/pillaring/pillar_5",
        "processors": "minecraft:trial_chambers_copper_bulb_degradation",
        "projection": "rigid"
      },
      "weight": 1
    },
    {
      "element": {
        "element_type": "minecraft:single_pool_element",
        "location": "minecraft:trial_chambers/chamber/pillaring/pillar_6",
        "processors": "minecraft:trial_chambers_copper_bulb_degradation",
        "projection": "rigid"
      },
      "weight": 1
    },
    {
      "element": {
        "element_type": "minecraft:single_pool_element",
        "location": "minecraft:trial_chambers/chamber/pillaring/grate_wall_1",
        "processors": {
          "processors": []
        },
        "projection": "rigid"
      },
      "weight": 1
    },
    {
      "element": {
        "element_type": "minecraft:single_pool_element",
        "location": "minecraft:trial_chambers/chamber/pillaring/grate_wall_2",
        "processors": {
          "processors": []
        },
        "projection": "rigid"
      },
      "weight": 1
    }
  ],
  "fallback": "minecraft:empty"
}