{
  "type": "minecraft:equipment",
  "pools": [
    {
      "bonus_rolls": 0.0,
      "entries": [
        {
          "type": "minecraft:loot_table",
          "value": "minecraft:equipment/trial_chamber_boss"
        }
      ],
      "rolls": 1.0
    },
    {
      "bonus_rolls": 0.0,
      "entries": [
        {
          "type": "minecraft:item",
          "functions": [
            {
              "add": false,
              "enchantments": {
                "minecraft:largeness": 1.0,
                "minecraft:breeze_blast": 2.0,
                "minecraft:sharpness": 3.0,
                "minecraft:reach": 2.0,
                "minecraft:knockback": 2.0
              },
              "function": "minecraft:set_enchantments"
            }
          ],
          "name": "minecraft:diamond_sword"
        }
      ],
      "rolls": 1.0
    }
  ],
  "random_sequence": "minecraft:equipment/trial_chamber_boss_melee"
}