{
  "type": "minecraft:equipment",
  "pools": [
    {
      "bonus_rolls": 0.0,
      "entries": [
        {
          "type": "minecraft:item",
          "functions": [
            {
              "add": false,
              "enchantments": {
                "minecraft:breeze_blast": 3.0
              },
              "function": "minecraft:set_enchantments"
            }
          ],
          "name": "minecraft:iron_axe"
        },
        {
          "type": "minecraft:item",
          "functions": [
            {
              "add": false,
              "enchantments": {
                "minecraft:sharpness": 1.0
              },
              "function": "minecraft:set_enchantments"
            }
          ],
          "name": "minecraft:iron_axe"
        },
        {
          "type": "minecraft:item",
          "functions": [
            {
              "add": false,
              "enchantments": {
                "minecraft:largeness": 1.0
              },
              "function": "minecraft:set_enchantments"
            }
          ],
          "name": "minecraft:iron_axe"
        }
      ],
      "rolls": 1.0
    }
  ],
  "random_sequence": "minecraft:equipment/trial_chamber_vindicator"
}