{
  "type": "minecraft:equipment",
  "pools": [
    {
      "bonus_rolls": 0.0,
      "entries": [
        {
          "type": "minecraft:loot_table",
          "value": {
            "pools": [
              {
                "bonus_rolls": 0.0,
                "entries": [
                  {
                    "type": "minecraft:item",
                    "functions": [
                      {
                        "components": {
                          "minecraft:trim": {
                            "material": "minecraft:copper",
                            "pattern": "minecraft:flow"
                          }
                        },
                        "function": "minecraft:set_components"
                      },
                      {
                        "add": false,
                        "enchantments": {
                          "minecraft:fire_protection": 4.0,
                          "minecraft:projectile_protection": 4.0,
                          "minecraft:protection": 4.0,
                          "minecraft:smash_protection": 2.0,
                          "minecraft:swiftsprint": 1.0
                        },
                        "function": "minecraft:set_enchantments"
                      }
                    ],
                    "name": "minecraft:iron_helmet"
                  }
                ],
                "rolls": 1.0
              },
              {
                "bonus_rolls": 0.0,
                "entries": [
                  {
                    "type": "minecraft:item",
                    "functions": [
                      {
                        "components": {
                          "minecraft:trim": {
                            "material": "minecraft:copper",
                            "pattern": "minecraft:bolt"
                          }
                        },
                        "function": "minecraft:set_components"
                      },
                      {
                        "add": false,
                        "enchantments": {
                          "minecraft:fire_protection": 4.0,
                          "minecraft:projectile_protection": 4.0,
                          "minecraft:protection": 4.0,
                          "minecraft:knockback_protection": 4.0,
                          "minecraft:smash_protection": 2.0
                        },
                        "function": "minecraft:set_enchantments"
                      }
                    ],
                    "name": "minecraft:iron_chestplate"
                  }
                ],
                "rolls": 1.0
              },
              {
                "bonus_rolls": 0.0,
                "entries": [
                  {
                    "type": "minecraft:item",
                    "functions": [
                      {
                        "components": {
                          "minecraft:trim": {
                            "material": "minecraft:copper",
                            "pattern": "minecraft:flow"
                          }
                        },
                        "function": "minecraft:set_components"
                      },
                      {
                        "add": false,
                        "enchantments": {
                          "minecraft:fire_protection": 4.0,
                          "minecraft:projectile_protection": 4.0,
                          "minecraft:protection": 4.0,
                          "minecraft:smash_protection": 2.0
                        },
                        "function": "minecraft:set_enchantments"
                      }
                    ],
                    "name": "minecraft:iron_leggings"
                  }
                ],
                "rolls": 1.0
              },
              {
                "bonus_rolls": 0.0,
                "entries": [
                  {
                    "type": "minecraft:item",
                    "functions": [
                      {
                        "components": {
                          "minecraft:trim": {
                            "material": "minecraft:copper",
                            "pattern": "minecraft:bolt"
                          }
                        },
                        "function": "minecraft:set_components"
                      },
                      {
                        "add": false,
                        "enchantments": {
                          "minecraft:fire_protection": 4.0,
                          "minecraft:projectile_protection": 4.0,
                          "minecraft:protection": 4.0,
                          "minecraft:feather_falling": 2.0,
                          "minecraft:trial_speed": 1.0,
                          "minecraft:smash_protection": 2.0
                        },
                        "function": "minecraft:set_enchantments"
                      }
                    ],
                    "name": "minecraft:iron_boots"
                  }
                ],
                "rolls": 1.0
              }
            ]
          }
        }
      ],
      "rolls": 1.0
    }
  ],
  "random_sequence": "minecraft:equipment/trial_chamber_miniboss"
}