{
  "type": "minecraft:equipment",
  "pools": [
    {
      "bonus_rolls": 0.0,
      "entries": [
        {
          "type": "minecraft:loot_table",
          "value": "minecraft:equipment/trial_chamber"
        }
      ],
      "rolls": 1.0
    },
    {
      "bonus_rolls": 0.0,
      "entries": [
        {
          "type": "minecraft:item",
          "name": "minecraft:iron_sword",
          "weight": 3
        },
        {
          "type": "minecraft:item",
          "functions": [
            {
              "add": false,
              "enchantments": {
                "minecraft:breeze_blast": 2.0
              },
              "function": "minecraft:set_enchantments"
            }
          ],
          "name": "minecraft:mace"
        },
        {
          "type": "minecraft:item",
          "functions": [
            {
              "add": false,
              "enchantments": {
                "minecraft:breeze_blast": 3.0
              },
              "function": "minecraft:set_enchantments"
            }
          ],
          "name": "minecraft:iron_sword",
          "weight": 1
        },
        {
          "type": "minecraft:item",
          "functions": [
            {
              "add": false,
              "enchantments": {
                "minecraft:sharpness": 1.0
              },
              "function": "minecraft:set_enchantments"
            }
          ],
          "name": "minecraft:iron_sword",
          "weight": 1
        },
        {
          "type": "minecraft:item",
          "functions": [
            {
              "add": false,
              "enchantments": {
                "minecraft:knockback": 1.0
              },
              "function": "minecraft:set_enchantments"
            }
          ],
          "name": "minecraft:iron_sword",
          "weight": 1
        },
        {
          "type": "minecraft:item",
          "functions": [
            {
              "add": false,
              "enchantments": {
                "minecraft:largeness": 1.0
              },
              "function": "minecraft:set_enchantments"
            }
          ],
          "name": "minecraft:iron_sword",
          "weight": 1
        },
        {
          "type": "minecraft:item",
          "name": "minecraft:diamond_sword",
          "weight": 1
        }
      ],
      "rolls": 1.0
    }
  ],
  "random_sequence": "minecraft:equipment/trial_chamber_melee"
}