{
  "type": "minecraft:equipment",
  "pools": [
    {
      "bonus_rolls": 0.0,
      "entries": [
        {
          "type": "minecraft:item",
          "name": "minecraft:crossbow",
          "weight": 2
        },
        {
          "type": "minecraft:item",
          "functions": [
            {
              "add": false,
              "enchantments": {
                "minecraft:piercing": 2.0
              },
              "function": "minecraft:set_enchantments"
            }
          ],
          "name": "minecraft:crossbow"
        },
        {
          "type": "minecraft:item",
          "functions": [
            {
              "add": false,
              "enchantments": {
                "minecraft:quick_charge": 2.0
              },
              "function": "minecraft:set_enchantments"
            }
          ],
          "name": "minecraft:crossbow"
        }
      ],
      "rolls": 1.0
    }
  ],
  "random_sequence": "minecraft:equipment/trial_chamber_pillager"
}