{
    "description": "Butchery",
    "supported_items": ["minecraft:shears"],
    "exclusive_set": [],
    "slots": ["mainhand"],
    "weight": 2,
    "anvil_cost": 0,
    "min_cost": {
        "base": 6,
        "per_level_above_first": 9
    },
    "max_cost": {
        "base": 30,
        "per_level_above_first": 9
    },
    "max_level": 3,
    "effects":{
        "minecraft:post_attack":[
        {
            "enchanted": "attacker",
            "affected": "victim",
            "effect": {
                "type": "minecraft:all_of",
                "effects": [
                {
                    "type": "minecraft:run_function",
                    "function": "enchantology:butchery/shear_entity" 
                },
                {
                    "type": "minecraft:play_sound",
                    "sound": "entity.sheep.shear",
                    "volume": 10,
                    "pitch": 1
                },
                {
                    "type": "minecraft:change_item_damage",
                    "amount": 1
                },
                {
                    "type": "minecraft:spawn_particles",
                    "particle": {
                        "type": "minecraft:dust",
                        "color": [1, 0, 0],
                        "scale": 2.5
                    },
                    "horizontal_position": {
                        "type": "in_bounding_box",
                        "scale": 2
                    },
                    "vertical_position": {
                        "type": "in_bounding_box",
                        "scale": 2
                    },
                    "horizontal_velocity": {
                        "base": 0
                    },
                    "vertical_velocity": {
                        "base": 0
                    }
                }
                ]
            }
        }
        ]
    }
}