{
  "description": "Escalation",
  "supported_items": "#minecraft:enchantable/leg_armor",
  "weight": 2,
  "max_level": 2,
  "min_cost": {
    "base": 25,
    "per_level_above_first": 25
  },
  "max_cost": {
    "base":75,
    "per_level_above_first": 25
  },
  "anvil_cost": 8,
  "slots": [
    "armor"
  ],
  "effects": {
    "minecraft:attributes": [
      {
        "id": "minecraft:generic.step_height",
        "attribute": "minecraft:step_height",
        "amount": {
          "type": "minecraft:linear",
          "base": 0.5,
          "per_level_above_first": 0.5
        },
        "operation": "add_value"
      }
    ]
  }
}
