{
  "description": "Explosive",
  "supported_items": "#minecraft:enchantable/crossbow",
  "weight": 2,
  "max_level": 1,
  "min_cost": {
    "base": 15,
    "per_level_above_first": 9
  },
  "max_cost": {
    "base": 65,
    "per_level_above_first": 9
  },
  "anvil_cost": 4,
  "slots": [
    "mainhand"
  ],
  "effects": {
    "minecraft:hit_block": [
      {
        "effect": {
          "type": "minecraft:explode",
          "damage_type": "minecraft:explosion",
          "radius": 1.5,
          "block_interaction": "none",
          "small_particle": {
            "type": "minecraft:explosion_emitter"
          },
          "large_particle": {
            "type": "minecraft:explosion"
          },
          "sound": "entity.generic.explode",
          "knockback_multiplier": 2,
          "attribute_to_user": true,
          "create_fire": false
        }
      }
    ],
    "minecraft:post_attack": [
      {
        "enchanted": "attacker",
        "affected": "victim",
        "effect": {
          "type": "minecraft:all_of",
          "effects": [
            {
              "type": "minecraft:explode",
              "damage_type": "minecraft:explosion",
              "radius": 1.5,
              "block_interaction": "none",
              "small_particle": {
                "type": "minecraft:explosion_emitter"
              },
              "large_particle": {
                "type": "minecraft:explosion"
              },
              "sound": "entity.generic.explode",
              "knockback_multiplier": 2,
              "attribute_to_user": true,
              "create_fire": false
            },
            {
              "type": "minecraft:damage_entity",
              "damage_type": "minecraft:explosion",
              "min_damage": 2.5,
              "max_damage": 2.5
            }
          ]
        }
      }
    ]
  }
}
