{
  "description": "Gnashing",
  "supported_items": "minecraft:wolf_armor",
  "weight": 10,
  "max_level": 5,
  "min_cost": {
    "base": 1,
    "per_level_above_first": 11
  },
  "max_cost": {
    "base": 21,
    "per_level_above_first": 11
  },
  "anvil_cost": 1,
  "slots": [
    "armor"
  ],
  "effects": {
    "minecraft:damage": [
      {
        "effect": {
          "type": "minecraft:add",
          "value": {
            "type": "minecraft:linear",
            "base": 1.25,
            "per_level_above_first": 1.25
          }
        },
        "requirements": {
          "condition": "minecraft:entity_properties",
          "entity": "attacker",
          "predicate": {
            "type": "minecraft:wolf"
          }
        }
      }
    ]
  }
}
