{
  "description": "Gravity",
  "exclusive_set": "minecraft:punch",
  "supported_items": [
    "minecraft:bow",
    "minecraft:crossbow"
  ],
  "weight": 2,
  "max_level": 1,
  "min_cost": {
    "base": 12,
    "per_level_above_first": 20
  },
  "max_cost": {
    "base": 37,
    "per_level_above_first": 20
  },
  "anvil_cost": 4,
  "slots": [
    "mainhand"
  ],
  "effects": {
    "minecraft:post_attack": [
      {
        "enchanted": "attacker",
        "affected": "victim",
        "effect": {
          "type": "minecraft:all_of",
          "effects": [
            {
              "type": "minecraft:run_function",
              "function": "enchantology:gravity/gravity_change_velocity"
            }
          ]
        }
      }
    ]
  }
}
