{
  "description": "Ironclad",
  "supported_items": "#minecraft:enchantable/chest_armor",
  "weight": 1,
  "max_level": 3,
  "min_cost": {
    "base": 10,
    "per_level_above_first": 20
  },
  "max_cost": {
    "base": 60,
    "per_level_above_first": 20
  },
  "anvil_cost": 8,
  "slots": [
    "chest"
  ],
  "effects": {
    "minecraft:attributes": [
      {
        "id": "minecraft:generic.knockback_resistance",
        "attribute": "minecraft:knockback_resistance",
        "amount": {
          "type": "minecraft:linear",
          "base": 0.2,
          "per_level_above_first": 0.2
        },
        "operation": "add_value"
      }
    ]
  }
}
