{
  "description": "Leeching",
  "supported_items": "#minecraft:enchantable/sharp_weapon",
  "exclusive_set": "#enchantology:exclusive_set/magic_life",
  "weight": 2,
  "max_level": 2,
  "min_cost": {
    "base": 10,
    "per_level_above_first": 20
  },
  "max_cost": {
    "base": 60,
    "per_level_above_first": 20
  },
  "anvil_cost": 4,
  "slots": [
    "mainhand"
  ],
  "effects": {
    "minecraft:damage": [
      {
        "effect": {
          "type": "minecraft:add",
          "value": {
            "type": "minecraft:linear",
            "base": 0.5,
            "per_level_above_first": 0.5
          }
        }
      }
    ],
    "minecraft:post_attack": [
      {
        "enchanted": "attacker",
        "affected": "attacker",
        "effect": {
          "type": "minecraft:apply_mob_effect",
          "to_apply": "minecraft:regeneration",
          "min_duration": 1,
          "max_duration": 1,
          "min_amplifier": {
            "type": "minecraft:linear",
            "base": 1,
            "per_level_above_first": 1
          },
          "max_amplifier": 2
        }
      }
    ]
  }
}
