{
  "description": "Shattering",
  "supported_items": "#minecraft:axes",
  "weight": 5,
  "max_level": 3,
  "min_cost": {
    "base": 5,
    "per_level_above_first": 20
  },
  "max_cost": {
    "base": 55,
    "per_level_above_first": 20
  },
  "anvil_cost": 2,
  "slots": [
    "mainhand"
  ],
  "effects": {
    "minecraft:armor_effectiveness": [
      {
        "effect": {
          "type": "minecraft:add",
          "value": {
            "type": "minecraft:linear",
            "base": -0.2,
            "per_level_above_first": -0.2
          }
        }
      }
    ]
  }
}
