{
    "description": "Curse of Uncertainty",
    "supported_items": "#minecraft:enchantable/armor",
    "slots": ["armor"],
    "weight": 10,
    "anvil_cost": 8,
    "min_cost": {
        "base": 25,
        "per_level_above_first": 0
    },
    "max_cost": {
        "base": 50,
        "per_level_above_first": 0
    },
    "max_level": 1,
    "effects":{
        "minecraft:tick":[
        {
            "effect": {
                "type": "minecraft:all_of",
                "effects": [
                {
                    "type": "minecraft:spawn_particles",
                    "particle":{
                        "type": "minecraft:portal"
                    },
                    "horizontal_position": {
                        "type": "in_bounding_box",
                        "scale": 2
                    },
                    "vertical_position": {
                        "type": "in_bounding_box",
                        "scale": 2
                    },
                    "horizontal_velocity": {
                        "base": 0
                    },
                    "vertical_velocity": {
                        "base": 0
                    }
                },
                {
                    "type": "minecraft:spawn_particles",
                    "particle":{
                        "type": "minecraft:portal"
                    },
                    "horizontal_position": {
                        "type": "in_bounding_box",
                        "scale": 2
                    },
                    "vertical_position": {
                        "type": "in_bounding_box",
                        "scale": 2
                    },
                    "horizontal_velocity": {
                        "base": 0
                    },
                    "vertical_velocity": {
                        "base": 0
                    }
                },
                {
                    "type": "minecraft:run_function",
                    "function": "enchantology:uncertainty_curse/uncertainty_teleport"
                },
                {
                    "type": "minecraft:play_sound",
                    "sound": "entity.enderman.teleport",
                    "volume":1,
                    "pitch":1
                }
                ]
            },
            "requirements":{
              "condition": "minecraft:random_chance",
              "chance": 0.01
            }
        }
        ]
    }
}