{
  "criteria": {
    "picked_up_bottle": {
      "trigger": "minecraft:inventory_changed",
      "conditions": {
        "items": [
          {
            "items": "minecraft:glass_bottle",
            "count": 1
          }
        ],
        "player": {
          "type_specific": {
            "type": "minecraft:player",
            "advancements": {
              "enchantology:alchemic/alchemic_check_bottle": true
            }
          }
        }
      }
    }
  },
  "rewards": {
    "function": "enchantology:alchemic/alchemic_replace_potion"
  }
}