{
  "anvil_cost": 6,
  "description": {
    "translate": "Heavy Slam"
  },
  "effects": {
    "minecraft:attributes": [
      {
        "type": "minecraft:attribute",
        "amount": {
        "type": "minecraft:linear",
        "base": 0.08,
        "per_level_above_first": 0.06
        },
        "attribute": "minecraft:gravity",
        "id": "heavy_slam",
        "operation": "add_value"
    }
    ],
    "minecraft:smash_damage_per_fallen_block": [
      {
        "effect": {
          "type": "minecraft:add",
          "value": {
            "type": "minecraft:linear",
            "base": 1,
            "per_level_above_first": 1
          }
        }
      }
    ]
  },
  "max_cost": {
    "base": 25,
    "per_level_above_first": 8
  },
  "max_level": 2,
  "min_cost": {
    "base": 5,
    "per_level_above_first": 8
  },
  "slots": [
    "mainhand"
  ],
  "supported_items": "#minecraft:enchantable/mace",
  "weight": 5
}