{
  "anvil_cost": 4,
  "description": {
    "translate": "Explosive Impact"
  },
  "effects": {
    "minecraft:post_attack": [
      {
        "affected": "attacker",
        "effect": {
          "type": "minecraft:explode",
          "block_interaction": "block",
          "immune_blocks": "#minecraft:impact_immune",
          "knockback_multiplier": {
            "type": "minecraft:lookup",
            "fallback": {
              "type": "minecraft:linear",
              "base": 1.5,
              "per_level_above_first": 0.35
            },
            "values": [
              1.2,
              1.75,
              2.2
            ]
          },
          "large_particle": {
            "type": "minecraft:explosion_emitter"
          },
          "radius": 8,
          "small_particle": {
            "type": "minecraft:explosion_emitter"
          },
          "sound": "minecraft:entity.generic.explode"
        },
        "enchanted": "attacker",
        "requirements": {
          "condition": "minecraft:entity_properties",
          "entity": "direct_attacker",
          "predicate": {
            "flags": {
              "is_flying": false
            },
            "movement": {
              "fall_distance": {
                "min": 50
              }
            }
          }
        }
      },
      {
        "affected": "attacker",
        "effect": {
          "type": "minecraft:explode",
          "block_interaction": "block",
          "immune_blocks": "#minecraft:impact_immune",
          "knockback_multiplier": {
            "type": "minecraft:lookup",
            "fallback": {
              "type": "minecraft:linear",
              "base": 1.5,
              "per_level_above_first": 0.35
            },
            "values": [
              1.2,
              1.75,
              2.2
            ]
          },
          "large_particle": {
            "type": "minecraft:explosion_emitter"
          },
          "radius": 4,
          "small_particle": {
            "type": "minecraft:explosion_emitter"
          },
          "sound": "minecraft:entity.generic.explode"
        },
        "enchanted": "attacker",
        "requirements": {
          "condition": "minecraft:entity_properties",
          "entity": "direct_attacker",
          "predicate": {
            "flags": {
              "is_flying": false
            },
            "movement": {
              "fall_distance": {
                "min": 20
              }
            }
          }
        }
      }
    ]
  },
  "max_cost": {
    "base": 65,
    "per_level_above_first": 9
  },
  "max_level": 1,
  "min_cost": {
    "base": 15,
    "per_level_above_first": 9
  },
  "slots": [
    "mainhand"
  ],
  "supported_items": "#minecraft:enchantable/mace",
  "weight": 2
}