{
  "anvil_cost": 4,
  "description": {
    "translate": "Gustbolt"
  },
  "effects": {
    "minecraft:post_attack": [
      {
        "affected": "victim",
        "effect": {
          "type": "minecraft:explode",
          "block_interaction": "trigger",
          "immune_blocks": "#minecraft:blocks_wind_charge_explosions",
          "knockback_multiplier": {
            "type": "minecraft:lookup",
            "fallback": {
              "type": "minecraft:linear",
              "base": 0.6,
              "per_level_above_first": 0.2
            },
            "values": [
              0.6,
              0.8,
              1,
              1.1,
              1.2
            ]
          },
          "large_particle": {
            "type": "minecraft:gust_emitter_large"
          },
          "radius": 2.5,
          "small_particle": {
            "type": "minecraft:gust_emitter_small"
          },
          "sound": "minecraft:entity.wind_charge.wind_burst"
        },
        "enchanted": "attacker",
        "requirements": {
          "condition": "minecraft:entity_properties",
          "entity": "direct_attacker",
          "predicate": {
            "type": "#minecraft:arrows"
          }
        }
      }
    ]
  },
  "max_cost": {
    "base": 65,
    "per_level_above_first": 9
  },
  "max_level": 5,
  "min_cost": {
    "base": 15,
    "per_level_above_first": 9
  },
  "slots": [
    "mainhand"
  ],
  "supported_items": "#minecraft:enchantable/bow",
  "weight": 2
}