{
  "anvil_cost": 6,
  "description": {
    "translate": "Heavy Cleaving"
  },
  "effects": {
    "minecraft:armor_effectiveness": [
      {
        "effect": {
          "type": "minecraft:add",
          "value": {
            "type": "minecraft:linear",
            "base": -0.1,
            "per_level_above_first": -0.1
          }
        }
      }
    ],
    "minecraft:damage": [
      {
        "effect": {
          "type": "minecraft:add",
          "value": {
            "type": "minecraft:linear",
            "base": 2.0,
            "per_level_above_first": 2.0
          }
        }
      }
    ],
    "minecraft:attributes": [
       {
          "type": "minecraft:attribute",
          "amount": {
			    "type": "minecraft:linear",
			    "base": -0.15,
			    "per_level_above_first": -0.15
		      },
          "attribute": "minecraft:attack_speed",
          "id": "heavy_cleaving",
          "operation": "add_value"
      }
    ]
  },
  "max_cost": {
    "base": 21,
    "per_level_above_first": 14
  },
  "max_level": 3,
  "min_cost": {
    "base": 7,
    "per_level_above_first": 15
  },
  "slots": [
    "mainhand"
  ],
  "supported_items": "#minecraft:enchantable/axe",
  "weight": 10
}