{
  "anvil_cost": 4,
  "description": {
    "translate": "Knockback Protection"
  },
  "effects": {
    "minecraft:attributes": [
      {
        "amount": {
          "type": "minecraft:linear",
          "base": 0.3,
          "per_level_above_first": 0.3
        },
        "attribute": "minecraft:knockback_resistance",
        "id": "minecraft:knockback_protection",
        "operation": "add_value"
      }
    ]
  },
  "exclusive_set": "#minecraft:exclusive_set/armor",
  "max_cost": {
    "base": 13,
    "per_level_above_first": 8
  },
  "max_level": 4,
  "min_cost": {
    "base": 5,
    "per_level_above_first": 8
  },
  "slots": [
    "armor"
  ],
  "supported_items": "#minecraft:enchantable/armor",
  "weight": 2
}