{
  "anvil_cost": 5,
  "description": {
    "translate": "Largeness"
  },
  "effects": {
    "minecraft:attributes": [
       {
          "type": "minecraft:attribute",
          "amount": {
			    "type": "minecraft:linear",
			    "base": 0.1,
			    "per_level_above_first": 0.1
		      },
          "attribute": "minecraft:scale",
          "id": "largeness",
          "operation": "add_value"
      },
      {
        "type": "minecraft:attribute",
        "amount": {
        "type": "minecraft:linear",
        "base": 1,
        "per_level_above_first": 1
        },
        "attribute": "minecraft:attack_damage",
        "id": "largeness",
        "operation": "add_value"
    }
    ]
  },
  "max_cost": {
    "base": 21,
    "per_level_above_first": 13
  },
  "max_level": 1,
  "min_cost": {
    "base": 5,
    "per_level_above_first": 13
  },
  "slots": [
    "mainhand"
  ],
  "supported_items": "#minecraft:enchantable/weapon",
  "weight": 10
}