{
  "anvil_cost": 5,
  "description": {
    "translate": "Lightweight"
  },
  "effects": {
    "minecraft:attributes": [
       {
          "type": "minecraft:attribute",
          "amount": {
			    "type": "minecraft:linear",
			    "base": 0.1,
			    "per_level_above_first": 0.1
		      },
          "attribute": "minecraft:attack_speed",
          "id": "lightweight",
          "operation": "add_value"
      }
    ]
  },
  "max_cost": {
    "base": 21,
    "per_level_above_first": 13
  },
  "max_level": 2,
  "min_cost": {
    "base": 5,
    "per_level_above_first": 13
  },
  "slots": [
    "mainhand"
  ],
  "supported_items": "#minecraft:enchantable/mace",
  "weight": 10
}