{
  "anvil_cost": 14,
  "description": {
    "translate": "Reach"
  },
  "effects": {
    "minecraft:attributes": [
       {
          "type": "minecraft:attribute",
          "amount": {
			    "type": "minecraft:linear",
			    "base": 1,
			    "per_level_above_first": 0.75
		      },
          "attribute": "minecraft:entity_interaction_range",
          "id": "reach",
          "operation": "add_value"
      }
    ]
  },
  "max_cost": {
    "base": 50,
    "per_level_above_first": 13
  },
  "max_level": 4,
  "min_cost": {
    "base": 14,
    "per_level_above_first": 20
  },
  "slots": [
    "mainhand"
  ],
  "supported_items": "#minecraft:enchantable/weapon",
  "weight": 3
}