{
  "anvil_cost": 3,
  "description": {
    "translate": "Step Height"
  },
  "effects": {
    "minecraft:attributes": [
      {
        "type": "minecraft:attribute",
        "amount": {
        "type": "minecraft:linear",
        "base": 0.6,
        "per_level_above_first": 0.4
        },
        "attribute": "minecraft:step_height",
        "id": "step_height",
        "operation": "add_value"
    }
    ]
  },
  "max_cost": {
    "base": 25,
    "per_level_above_first": 8
  },
  "max_level": 3,
  "min_cost": {
    "base": 4,
    "per_level_above_first": 8
  },
  "slots": [
    "legs"
  ],
  "supported_items": "#minecraft:enchantable/leg_armor",
  "weight": 5
}