{
  "anvil_cost": 8,
  "description": {
    "translate": "Swiftsprint"
  },
  "effects": {
    "minecraft:attributes": [
       {
          "type": "minecraft:attribute",
          "amount": {
			    "type": "minecraft:linear",
			    "base": 0.04,
			    "per_level_above_first": 0.04
		      },
          "attribute": "minecraft:movement_speed",
          "id": "swiftsprint",
          "operation": "add_value"
      }
    ]
  },
  "max_cost": {
    "base": 21,
    "per_level_above_first": 13
  },
  "max_level": 2,
  "min_cost": {
    "base": 5,
    "per_level_above_first": 13
  },
  "slots": [
    "armor"
  ],
  "supported_items": "#minecraft:enchantable/head_armor",
  "weight": 10
}