{
  "elements": [
    {
      "element": {
        "element_type": "minecraft:single_pool_element",
        "location": "minecraft:trial_chambers/sewer/sewer_entrance",
        "processors": "minecraft:trial_chambers_copper_bulb_sewer_degradation",
        "projection": "rigid"
      },
      "weight": 1
    },
    {
      "element": {
        "element_type": "minecraft:single_pool_element",
        "location": "minecraft:trial_chambers/sewer/sewer_cross_section",
        "processors": "minecraft:trial_chambers_copper_bulb_sewer_degradation",
        "projection": "rigid"
      },
      "weight": 1
    },
    {
      "element": {
        "element_type": "minecraft:single_pool_element",
        "location": "minecraft:trial_chambers/sewer/sewer_1",
        "processors": "minecraft:trial_chambers_copper_bulb_sewer_degradation",
        "projection": "rigid"
      },
      "weight": 2
    },
    {
      "element": {
        "element_type": "minecraft:single_pool_element",
        "location": "minecraft:trial_chambers/sewer/sewer_2",
        "processors": "minecraft:trial_chambers_copper_bulb_sewer_degradation",
        "projection": "rigid"
      },
      "weight": 2
    },
    {
      "element": {
        "element_type": "minecraft:single_pool_element",
        "location": "minecraft:trial_chambers/sewer/sewer_3",
        "processors": "minecraft:trial_chambers_copper_bulb_sewer_degradation",
        "projection": "rigid"
      },
      "weight": 1
    },
    {
      "element": {
        "element_type": "minecraft:single_pool_element",
        "location": "minecraft:trial_chambers/sewer/sewer_4",
        "processors": "minecraft:trial_chambers_copper_bulb_sewer_degradation",
        "projection": "rigid"
      },
      "weight": 3
    },
    {
      "element": {
        "element_type": "minecraft:single_pool_element",
        "location": "minecraft:trial_chambers/sewer/sewer_5",
        "processors": "minecraft:trial_chambers_copper_bulb_sewer_degradation",
        "projection": "rigid"
      },
      "weight": 2
    },
    {
      "element": {
        "element_type": "minecraft:single_pool_element",
        "location": "minecraft:trial_chambers/sewer/sewer_end",
        "processors": "minecraft:trial_chambers_copper_bulb_sewer_degradation",
        "projection": "rigid"
      },
      "weight": 3
    },
    {
      "element": {
        "element_type": "minecraft:single_pool_element",
        "location": "minecraft:trial_chambers/sewer/sewer_intersection_1",
        "processors": "minecraft:trial_chambers_copper_bulb_sewer_degradation",
        "projection": "rigid"
      },
      "weight": 2
    },
    {
      "element": {
        "element_type": "minecraft:single_pool_element",
        "location": "minecraft:trial_chambers/sewer/sewer_intersection_2",
        "processors": "minecraft:trial_chambers_copper_bulb_sewer_degradation",
        "projection": "rigid"
      },
      "weight": 2
    },
    {
      "element": {
        "element_type": "minecraft:single_pool_element",
        "location": "minecraft:trial_chambers/sewer/sewer_intersection_3",
        "processors": "minecraft:trial_chambers_copper_bulb_sewer_degradation",
        "projection": "rigid"
      },
      "weight": 2
    },
    {
      "element": {
        "element_type": "minecraft:single_pool_element",
        "location": "minecraft:trial_chambers/sewer/sewer_spawner_room",
        "processors": "minecraft:trial_chambers_copper_bulb_sewer_degradation",
        "projection": "rigid"
      },
      "weight": 1
    }
  ],
  "fallback": "minecraft:trial_chambers/sewer_end"
}